<?xml version="1.0" encoding="UTF-8"?>
<config xmlns="http://www.knime.org/2008/09/XMLConfig" xmlns:xsi="http://www.w3.org/2001/XMLSchema-instance" xsi:schemaLocation="http://www.knime.org/2008/09/XMLConfig http://www.knime.org/XMLConfig_2008_09.xsd" key="model.xml">
    <entry key="version" type="xint" value="1"/>
    <entry key="class_name" type="xstring" value="org.knime.ext.microsoft.authentication.port.MicrosoftCredentialPortObjectSpec"/>
    <config key="model">
        <entry key="type" type="xstring" value="OAUTH2_ACCESS_TOKEN"/>
        <entry key="username" type="xstring" value="lramirezr1602@alumno.ipn.mx"/>
        <entry key="authority" type="xstring" value="https://login.microsoftonline.com/common"/>
        <entry key="appId" type="xstring" value="cf47ff49-7da6-4603-b339-f4475176432b"/>
        <entry key="scope_type" type="xstring" value="delegated"/>
        <config key="scopes">
            <entry key="array-size" type="xint" value="1"/>
            <entry key="0" type="xstring" value="https://analysis.windows.net/powerbi/api/Dataset.ReadWrite.All https://analysis.windows.net/powerbi/api/Workspace.Read.All"/>
        </config>
        <config key="token">
            <entry key="cacheKey" type="xstring" value="mem-4e3bfd24-e74f-434a-a178-24a1d9ef50fd"/>
        </config>
    </config>
</config>
